Trial_ID,Sim_Time,Dev_EUI,Node_ID,F_Cnt,Msgs_Window,Target,Server_Sat,Net_Status_Flag,Node_State,Node_Action,Node_Period,Active_Nodes
1,131.42,70b3d57ed007386e,8,1,1,30,20.0,0,2,PUNISH,60,1
1,191.41,70b3d57ed007386e,8,4,2,30,20.0,0,1,PUNISH,60,1
1,296.0,70b3d57ed007386c,7,1,3,30,20.0,0,2,PUNISH,60,2
1,373.38,70b3d57ed007386c,7,4,4,30,20.0,0,2,REWARD,60,2
1,409.98,70b3d57ed007386a,6,1,5,30,20.0,0,2,REWARD,60,3
1,433.38,70b3d57ed007386c,7,5,5,30,20.0,0,2,REWARD,60,3
1,469.98,70b3d57ed007386a,6,4,6,30,20.0,0,1,PUNISH,60,3
1,493.39,70b3d57ed007386c,7,6,6,30,20.0,0,1,PUNISH,60,2
1,545.44,70b3d57ed007386a,6,5,7,30,20.0,0,2,PUNISH,60,2
1,553.39,70b3d57ed007386c,7,7,8,30,20.01,0,3,REWARD,60,2
1,584.72,70b3d57ed0073864,5,1,9,30,20.01,0,2,REWARD,60,3
1,605.28,70b3d57ed007386a,6,6,9,30,20.01,0,1,PUNISH,60,3
1,613.39,70b3d57ed007386c,7,8,10,30,20.03,0,3,REWARD,60,3
1,659.69,70b3d57ed0073864,5,4,11,30,20.06,0,2,REWARD,60,3
1,665.54,70b3d57ed007386a,6,7,12,30,20.12,0,3,REWARD,60,3
1,673.39,70b3d57ed007386c,7,9,12,30,20.12,0,3,PUNISH,60,3
1,692.45,70b3d57ed0073859,4,1,13,30,20.25,0,2,PUNISH,60,4
1,719.68,70b3d57ed0073864,5,5,13,30,20.25,0,2,PUNISH,60,4
1,725.31,70b3d57ed007386a,6,8,14,30,20.48,0,3,PUNISH,60,4
1,733.39,70b3d57ed007386c,7,10,14,30,20.48,0,3,REWARD,60,4
1,779.71,70b3d57ed0073864,5,7,14,30,20.48,0,3,PUNISH,60,4
1,785.31,70b3d57ed007386a,6,9,15,30,20.89,0,3,PUNISH,60,4
1,793.39,70b3d57ed007386c,7,11,15,30,20.89,0,3,PUNISH,60,4
1,798.43,70b3d57ed0073856,3,1,16,30,21.59,0,2,REWARD,60,5
1,839.7,70b3d57ed0073864,5,8,17,30,22.72,0,3,PUNISH,60,5
1,845.31,70b3d57ed007386a,6,10,18,30,24.49,0,3,PUNISH,60,5
1,853.4,70b3d57ed007386c,7,12,17,30,22.72,0,3,PUNISH,60,5
1,858.42,70b3d57ed0073856,3,4,18,30,24.49,0,1,PUNISH,60,5
1,899.69,70b3d57ed0073864,5,9,18,30,24.49,0,3,PUNISH,60,5
1,905.31,70b3d57ed007386a,6,11,18,30,24.49,0,3,PUNISH,60,5
1,913.43,70b3d57ed007386c,7,13,18,30,24.49,0,3,PUNISH,60,5
1,923.86,70b3d57ed007334e,1,1,19,30,27.11,0,2,REWARD,60,6
1,959.71,70b3d57ed0073864,5,10,19,30,27.11,0,3,PUNISH,60,6
1,965.31,70b3d57ed007386a,6,12,20,30,30.83,0,3,PUNISH,60,6
1,973.39,70b3d57ed007386c,7,14,20,30,30.83,0,3,PUNISH,60,6
1,974.22,70b3d57ed00733ea,2,1,20,30,30.83,0,2,REWARD,60,7
1,983.87,70b3d57ed007334e,1,4,21,30,35.83,0,1,PUNISH,60,7
1,1019.71,70b3d57ed0073864,5,11,20,30,30.83,0,3,REWARD,60,6
1,1025.55,70b3d57ed007386a,6,13,20,30,30.83,0,3,PUNISH,60,6
1,1033.42,70b3d57ed007386c,7,15,20,30,30.83,0,3,PUNISH,60,6
1,1034.23,70b3d57ed00733ea,2,4,21,30,35.83,0,1,PUNISH,60,6
1,1043.85,70b3d57ed007334e,1,5,22,30,42.24,0,1,PUNISH,60,6
1,1079.85,70b3d57ed0073864,5,12,22,30,42.24,0,3,REWARD,60,6
1,1085.48,70b3d57ed007386a,6,14,22,30,42.24,0,3,PUNISH,60,6
1,1093.4,70b3d57ed007386c,7,16,22,30,42.24,0,3,PUNISH,60,6
1,1094.23,70b3d57ed00733ea,2,5,23,30,50.02,0,1,PUNISH,60,6
1,1104.1,70b3d57ed007334e,1,6,23,30,50.02,0,3,PUNISH,60,6
1,1139.72,70b3d57ed0073864,5,13,23,30,50.02,0,3,PUNISH,60,6
1,1145.46,70b3d57ed007386a,6,15,23,30,50.02,0,3,REWARD,60,6
1,1153.38,70b3d57ed007386c,7,17,24,30,58.94,0,3,REWARD,60,6
1,1154.26,70b3d57ed00733ea,2,6,24,30,58.94,0,3,PUNISH,60,6
1,1163.86,70b3d57ed007334e,1,8,24,30,58.94,0,3,REWARD,60,5
1,1199.86,70b3d57ed0073864,5,14,24,30,58.94,0,3,PUNISH,60,5
1,1205.33,70b3d57ed007386a,6,16,24,30,58.94,0,3,REWARD,60,5
1,1213.64,70b3d57ed007386c,7,18,24,30,58.94,0,3,REWARD,60,5
1,1214.26,70b3d57ed00733ea,2,7,25,30,68.52,0,3,PUNISH,60,5
1,1223.85,70b3d57ed007334e,1,9,26,30,78.09,0,3,REWARD,60,5
1,1245.37,70b3d57ed0073859,4,4,26,30,78.09,0,2,PUNISH,60,6
1,1259.71,70b3d57ed0073864,5,15,27,30,86.82,0,3,REWARD,60,6
1,1265.29,70b3d57ed007386a,6,17,27,30,86.82,0,3,PUNISH,60,6
1,1273.66,70b3d57ed007386c,7,19,26,30,78.09,0,3,PUNISH,60,6
1,1274.35,70b3d57ed00733ea,2,9,26,30,78.09,0,3,REWARD,60,6
1,1284.1,70b3d57ed007334e,1,10,26,30,78.09,0,3,REWARD,60,6
1,1305.26,70b3d57ed0073859,4,5,27,30,86.82,0,2,REWARD,60,6
1,1319.87,70b3d57ed0073864,5,16,27,30,86.82,0,3,REWARD,60,6
1,1325.32,70b3d57ed007386a,6,18,28,30,93.85,0,3,REWARD,60,6
1,1333.41,70b3d57ed007386c,7,20,28,30,93.85,0,3,REWARD,60,6
1,1334.26,70b3d57ed00733ea,2,10,27,30,86.82,0,3,REWARD,60,6
1,1344.12,70b3d57ed007334e,1,12,27,30,86.82,0,3,REWARD,60,6
1,1365.15,70b3d57ed0073859,4,6,28,30,93.85,0,2,REWARD,60,6
1,1379.74,70b3d57ed0073864,5,17,29,30,98.42,0,3,PUNISH,60,6
1,1385.32,70b3d57ed007386a,6,19,29,30,98.42,0,3,REWARD,60,6
1,1393.57,70b3d57ed007386c,7,21,28,30,93.85,0,3,REWARD,60,6
1,1394.24,70b3d57ed00733ea,2,11,28,30,93.85,0,3,REWARD,60,6
1,1404.13,70b3d57ed007334e,1,13,28,30,93.85,0,3,PUNISH,60,6
1,1424.97,70b3d57ed0073859,4,7,29,30,98.42,0,2,REWARD,60,6
1,1439.72,70b3d57ed0073864,5,18,29,30,98.42,0,3,REWARD,60,6
1,1445.32,70b3d57ed007386a,6,20,30,30,100.0,0,3,REWARD,60,6
1,1453.66,70b3d57ed007386c,7,22,29,30,98.42,0,3,REWARD,60,6
1,1454.33,70b3d57ed00733ea,2,12,29,30,98.42,0,3,REWARD,60,6
1,1464.05,70b3d57ed007334e,1,14,29,30,98.42,0,3,REWARD,60,6
1,1484.68,70b3d57ed0073859,4,9,30,30,100.0,0,2,REWARD,60,6
1,1499.88,70b3d57ed0073864,5,19,30,30,100.0,0,3,REWARD,60,6
1,1505.32,70b3d57ed007386a,6,21,31,30,98.42,1,3,REWARD,60,6
1,1513.67,70b3d57ed007386c,7,23,30,30,100.0,0,3,REWARD,60,6
1,1514.33,70b3d57ed00733ea,2,13,30,30,100.0,0,3,REWARD,60,6
1,1523.89,70b3d57ed007334e,1,15,30,30,100.0,0,3,REWARD,60,6
1,1544.34,70b3d57ed0073859,4,10,31,30,98.42,1,2,REWARD,60,6
1,1559.74,70b3d57ed0073864,5,20,30,30,100.0,0,3,REWARD,60,6
1,1565.58,70b3d57ed007386a,6,23,30,30,100.0,0,3,REWARD,60,6
1,1573.44,70b3d57ed007386c,7,24,31,30,98.42,1,3,REWARD,60,6
1,1574.26,70b3d57ed00733ea,2,14,31,30,98.42,1,3,REWARD,60,6
1,1584.04,70b3d57ed007334e,1,16,31,30,98.42,1,3,REWARD,60,6
1,1604.18,70b3d57ed0073859,4,11,31,30,98.42,1,2,REWARD,60,6
1,1619.73,70b3d57ed0073864,5,21,31,30,98.42,1,3,REWARD,60,6
1,1625.34,70b3d57ed007386a,6,24,30,30,100.0,0,3,REWARD,60,6
1,1633.42,70b3d57ed007386c,7,25,30,30,100.0,0,3,REWARD,60,6
1,1634.26,70b3d57ed00733ea,2,15,31,30,98.42,1,3,REWARD,60,6
1,1644.15,70b3d57ed007334e,1,18,30,30,100.0,0,3,REWARD,60,6
1,1664.0,70b3d57ed0073859,4,12,31,30,98.42,1,2,REWARD,60,6
1,1679.97,70b3d57ed0073864,5,22,30,30,100.0,0,3,REWARD,60,6
1,1685.48,70b3d57ed007386a,6,25,30,30,100.0,0,3,REWARD,60,6
1,1693.44,70b3d57ed007386c,7,26,31,30,98.42,1,3,REWARD,60,6
1,1694.26,70b3d57ed00733ea,2,16,30,30,100.0,0,3,REWARD,60,6
1,1704.14,70b3d57ed007334e,1,19,30,30,100.0,0,3,REWARD,60,6
1,1723.83,70b3d57ed0073859,4,13,31,30,98.42,1,2,REWARD,60,6
1,1739.74,70b3d57ed0073864,5,24,30,30,100.0,0,3,REWARD,60,6
1,1745.34,70b3d57ed007386a,6,26,30,30,100.0,0,3,PUNISH,60,6
1,1753.67,70b3d57ed007386c,7,27,30,30,100.0,0,3,REWARD,60,6
1,1754.34,70b3d57ed00733ea,2,17,30,30,100.0,0,3,REWARD,60,6
1,1764.04,70b3d57ed007334e,1,21,31,30,98.42,1,3,REWARD,60,6
1,1783.65,70b3d57ed0073859,4,14,31,30,98.42,1,2,REWARD,60,6
1,1799.83,70b3d57ed0073864,5,25,31,30,98.42,1,3,PUNISH,60,6
1,1805.49,70b3d57ed007386a,6,27,30,30,100.0,0,3,REWARD,60,6
1,1813.67,70b3d57ed007386c,7,29,30,30,100.0,0,3,REWARD,60,6
1,1814.33,70b3d57ed00733ea,2,18,31,30,98.42,1,3,REWARD,60,6
1,1823.91,70b3d57ed007334e,1,22,30,30,100.0,0,3,REWARD,60,6
1,1843.34,70b3d57ed0073859,4,16,31,30,98.42,1,2,REWARD,60,6
1,1859.76,70b3d57ed0073864,5,26,30,30,100.0,0,3,REWARD,60,6
1,1865.35,70b3d57ed007386a,6,28,31,30,98.42,1,3,REWARD,60,6
1,1873.45,70b3d57ed007386c,7,30,30,30,100.0,0,3,REWARD,60,6
1,1874.27,70b3d57ed00733ea,2,20,30,30,100.0,0,3,REWARD,60,6
1,1883.93,70b3d57ed007334e,1,23,31,30,98.42,1,3,REWARD,60,6
1,1903.17,70b3d57ed0073859,4,17,31,30,98.42,1,2,REWARD,60,6
1,1919.75,70b3d57ed0073864,5,27,30,30,100.0,0,3,REWARD,60,6
1,1925.35,70b3d57ed007386a,6,29,30,30,100.0,0,3,REWARD,60,6
1,1933.44,70b3d57ed007386c,7,32,30,30,100.0,0,3,REWARD,60,6
1,1934.27,70b3d57ed00733ea,2,21,30,30,100.0,0,3,REWARD,60,6
1,1943.93,70b3d57ed007334e,1,25,31,30,98.42,1,3,REWARD,60,6
1,1962.99,70b3d57ed0073859,4,18,31,30,98.42,1,2,REWARD,60,6
1,1979.74,70b3d57ed0073864,5,28,31,30,98.42,1,3,PUNISH,60,6
1,1985.35,70b3d57ed007386a,6,30,31,30,98.42,1,3,REWARD,60,6
1,1993.44,70b3d57ed007386c,7,33,30,30,100.0,0,3,REWARD,60,6
1,1994.27,70b3d57ed00733ea,2,22,30,30,100.0,0,3,REWARD,60,6
1,2003.93,70b3d57ed007334e,1,26,31,30,98.42,1,3,REWARD,60,6
1,2022.81,70b3d57ed0073859,4,19,31,30,98.42,1,2,REWARD,60,6
1,2039.75,70b3d57ed0073864,5,29,30,30,100.0,0,4,REWARD,60,6
1,2045.36,70b3d57ed007386a,6,31,30,30,100.0,0,3,REWARD,60,6
1,2053.44,70b3d57ed007386c,7,34,31,30,98.42,1,3,REWARD,60,6
1,2054.28,70b3d57ed00733ea,2,23,31,30,98.42,1,3,REWARD,60,6
1,2063.91,70b3d57ed007334e,1,27,31,30,98.42,1,3,REWARD,60,6
1,2082.64,70b3d57ed0073859,4,20,31,30,98.42,1,2,PUNISH,60,6
1,2099.76,70b3d57ed0073864,5,30,31,30,98.42,1,3,REWARD,60,6
1,2105.36,70b3d57ed007386a,6,32,31,30,98.42,1,3,REWARD,60,6
1,2113.44,70b3d57ed007386c,7,35,31,30,98.42,1,3,REWARD,60,6
1,2114.28,70b3d57ed00733ea,2,24,31,30,98.42,1,3,REWARD,60,6
1,2123.93,70b3d57ed007334e,1,28,30,30,100.0,0,3,REWARD,60,6
1,2142.48,70b3d57ed0073859,4,21,31,30,98.42,1,2,REWARD,60,6
1,2159.74,70b3d57ed0073864,5,31,31,30,98.42,1,3,REWARD,60,6
1,2165.61,70b3d57ed007386a,6,33,30,30,100.0,0,3,REWARD,60,6
1,2173.45,70b3d57ed007386c,7,36,30,30,100.0,0,3,REWARD,60,6
1,2174.29,70b3d57ed00733ea,2,25,30,30,100.0,0,3,REWARD,60,6
1,2183.94,70b3d57ed007334e,1,29,30,30,100.0,0,3,REWARD,60,6
1,2202.3,70b3d57ed0073859,4,22,31,30,98.42,1,2,REWARD,60,6
1,2219.76,70b3d57ed0073864,5,32,30,30,100.0,0,3,PUNISH,60,6
1,2225.39,70b3d57ed007386a,6,34,30,30,100.0,0,3,REWARD,60,6
1,2233.45,70b3d57ed007386c,7,37,30,30,100.0,0,3,REWARD,60,6
1,2234.28,70b3d57ed00733ea,2,26,30,30,100.0,0,3,REWARD,60,6
1,2243.94,70b3d57ed007334e,1,30,30,30,100.0,0,3,REWARD,60,6
1,2262.27,70b3d57ed0073859,4,23,31,30,98.42,1,2,REWARD,60,6
1,2279.75,70b3d57ed0073864,5,33,30,30,100.0,0,3,REWARD,60,6
1,2285.62,70b3d57ed007386a,6,35,30,30,100.0,0,3,REWARD,60,6
1,2293.46,70b3d57ed007386c,7,39,30,30,100.0,0,3,REWARD,60,6
1,2294.29,70b3d57ed00733ea,2,27,30,30,100.0,0,3,REWARD,60,6
1,2303.94,70b3d57ed007334e,1,31,30,30,100.0,0,3,REWARD,60,6
1,2321.94,70b3d57ed0073859,4,24,31,30,98.42,1,2,REWARD,60,6
1,2339.77,70b3d57ed0073864,5,35,30,30,100.0,0,3,REWARD,60,6
1,2345.38,70b3d57ed007386a,6,37,30,30,100.0,0,3,PUNISH,60,6
1,2353.46,70b3d57ed007386c,7,40,30,30,100.0,0,3,REWARD,60,6
1,2354.28,70b3d57ed00733ea,2,29,30,30,100.0,0,3,REWARD,60,6
1,2363.93,70b3d57ed007334e,1,33,30,30,100.0,0,3,REWARD,60,6
1,2381.76,70b3d57ed0073859,4,25,31,30,98.42,1,2,REWARD,60,6
1,2399.91,70b3d57ed0073864,5,36,30,30,100.0,0,3,REWARD,60,6
1,2405.53,70b3d57ed007386a,6,38,30,30,100.0,0,3,REWARD,60,6
1,2413.48,70b3d57ed007386c,7,41,30,30,100.0,0,3,REWARD,60,6
1,2414.29,70b3d57ed00733ea,2,30,30,30,100.0,0,3,REWARD,60,6
1,2423.93,70b3d57ed007334e,1,34,30,30,100.0,0,3,REWARD,60,6
1,2441.45,70b3d57ed0073859,4,27,31,30,98.42,1,2,REWARD,60,6
1,2459.77,70b3d57ed0073864,5,37,30,30,100.0,0,3,REWARD,60,6
1,2465.39,70b3d57ed007386a,6,39,31,30,98.42,1,3,REWARD,60,6
1,2473.7,70b3d57ed007386c,7,42,30,30,100.0,0,3,REWARD,60,6
1,2474.36,70b3d57ed00733ea,2,31,30,30,100.0,0,3,REWARD,60,6
1,2484.1,70b3d57ed007334e,1,35,30,30,100.0,0,3,REWARD,60,6
1,2501.27,70b3d57ed0073859,4,28,31,30,98.42,1,2,REWARD,60,6
1,2519.77,70b3d57ed0073864,5,38,30,30,100.0,0,3,PUNISH,60,6
1,2525.39,70b3d57ed007386a,6,40,31,30,98.42,1,3,REWARD,60,6
1,2533.63,70b3d57ed007386c,7,44,30,30,100.0,0,3,REWARD,60,6
1,2534.36,70b3d57ed00733ea,2,33,30,30,100.0,0,3,REWARD,60,6
1,2544.09,70b3d57ed007334e,1,37,30,30,100.0,0,3,REWARD,60,6
1,2561.34,70b3d57ed0073859,4,29,31,30,98.42,1,2,REWARD,60,6
1,2579.79,70b3d57ed0073864,5,39,30,30,100.0,0,3,REWARD,60,6
1,2585.39,70b3d57ed007386a,6,41,31,30,98.42,1,3,REWARD,60,6
1,2593.61,70b3d57ed007386c,7,45,30,30,100.0,0,3,REWARD,60,6
1,2594.28,70b3d57ed00733ea,2,34,31,30,98.42,1,3,REWARD,60,6
1,2603.95,70b3d57ed007334e,1,38,30,30,100.0,0,3,REWARD,60,6
1,2620.93,70b3d57ed0073859,4,30,31,30,98.42,1,2,REWARD,60,6
1,2639.78,70b3d57ed0073864,5,40,30,30,100.0,0,3,REWARD,60,6
1,2645.39,70b3d57ed007386a,6,43,30,30,100.0,0,3,REWARD,60,6
1,2653.71,70b3d57ed007386c,7,47,30,30,100.0,0,3,REWARD,60,6
1,2654.37,70b3d57ed00733ea,2,35,30,30,100.0,0,3,REWARD,60,6
1,2664.09,70b3d57ed007334e,1,39,30,30,100.0,0,3,REWARD,60,6
1,2680.77,70b3d57ed0073859,4,31,31,30,98.42,1,2,REWARD,60,6
1,2699.78,70b3d57ed0073864,5,41,31,30,98.42,1,3,REWARD,60,6
1,2705.4,70b3d57ed007386a,6,44,31,30,98.42,1,3,REWARD,60,6
1,2713.46,70b3d57ed007386c,7,48,31,30,98.42,1,3,REWARD,60,6
1,2714.31,70b3d57ed00733ea,2,36,30,30,100.0,0,3,REWARD,60,6
1,2723.95,70b3d57ed007334e,1,40,30,30,100.0,0,3,REWARD,60,6
1,2740.58,70b3d57ed0073859,4,32,31,30,98.42,1,2,REWARD,60,6
1,2759.79,70b3d57ed0073864,5,42,30,30,100.0,0,3,REWARD,60,6
1,2765.4,70b3d57ed007386a,6,45,30,30,100.0,0,3,REWARD,60,6
1,2773.48,70b3d57ed007386c,7,49,31,30,98.42,1,3,REWARD,60,6
1,2774.31,70b3d57ed00733ea,2,38,31,30,98.42,1,3,REWARD,60,6
1,2783.95,70b3d57ed007334e,1,41,31,30,98.42,1,3,REWARD,60,6
1,2800.27,70b3d57ed0073859,4,34,31,30,98.42,1,2,REWARD,60,6
1,2819.78,70b3d57ed0073864,5,43,30,30,100.0,0,3,REWARD,60,6
1,2825.4,70b3d57ed007386a,6,46,30,30,100.0,0,3,REWARD,60,6
1,2833.45,70b3d57ed007386c,7,50,31,30,98.42,1,3,REWARD,60,6
1,2834.3,70b3d57ed00733ea,2,39,31,30,98.42,1,3,REWARD,60,6
1,2843.97,70b3d57ed007334e,1,42,31,30,98.42,1,3,REWARD,60,6
1,2860.1,70b3d57ed0073859,4,35,31,30,98.42,1,2,REWARD,60,6
1,2879.93,70b3d57ed0073864,5,44,30,30,100.0,0,3,REWARD,60,6
1,2885.39,70b3d57ed007386a,6,47,30,30,100.0,0,3,REWARD,60,6
1,2893.47,70b3d57ed007386c,7,51,31,30,98.42,1,3,REWARD,60,6
1,2894.31,70b3d57ed00733ea,2,40,30,30,100.0,0,3,REWARD,60,6
1,2903.95,70b3d57ed007334e,1,43,31,30,98.42,1,3,REWARD,60,6
1,2919.92,70b3d57ed0073859,4,36,31,30,98.42,1,2,REWARD,60,6
1,2939.8,70b3d57ed0073864,5,45,30,30,100.0,0,3,REWARD,60,6
1,2945.41,70b3d57ed007386a,6,48,30,30,100.0,0,3,REWARD,60,6
1,2953.48,70b3d57ed007386c,7,52,31,30,98.42,1,3,REWARD,60,6
1,2954.31,70b3d57ed00733ea,2,41,31,30,98.42,1,3,REWARD,60,6
1,2963.96,70b3d57ed007334e,1,44,31,30,98.42,1,3,REWARD,60,6
1,2979.75,70b3d57ed0073859,4,37,31,30,98.42,1,2,REWARD,60,6
1,2999.79,70b3d57ed0073864,5,46,30,30,100.0,0,3,REWARD,60,6
1,3005.41,70b3d57ed007386a,6,49,30,30,100.0,0,3,PUNISH,60,6
1,3013.48,70b3d57ed007386c,7,53,30,30,100.0,0,3,REWARD,60,6
1,3014.32,70b3d57ed00733ea,2,42,30,30,100.0,0,3,REWARD,60,6
1,3023.98,70b3d57ed007334e,1,45,30,30,100.0,0,3,REWARD,60,6
1,3039.55,70b3d57ed0073859,4,38,31,30,98.42,1,2,REWARD,60,6
1,3059.8,70b3d57ed0073864,5,47,30,30,100.0,0,3,REWARD,60,6
1,3065.41,70b3d57ed007386a,6,50,30,30,100.0,0,3,REWARD,60,6
1,3073.48,70b3d57ed007386c,7,54,30,30,100.0,0,3,REWARD,60,6
1,3074.33,70b3d57ed00733ea,2,43,30,30,100.0,0,3,REWARD,60,6
1,3083.97,70b3d57ed007334e,1,46,30,30,100.0,0,3,REWARD,60,6
1,3099.4,70b3d57ed0073859,4,39,31,30,98.42,1,2,REWARD,60,6
1,3119.81,70b3d57ed0073864,5,48,30,30,100.0,0,3,REWARD,60,6
1,3125.41,70b3d57ed007386a,6,51,30,30,100.0,0,3,REWARD,60,6
1,3133.49,70b3d57ed007386c,7,55,30,30,100.0,0,3,REWARD,60,6
1,3134.34,70b3d57ed00733ea,2,44,30,30,100.0,0,3,REWARD,60,6
1,3143.96,70b3d57ed007334e,1,47,31,30,98.42,1,3,REWARD,60,6
1,3159.22,70b3d57ed0073859,4,40,31,30,98.42,1,2,REWARD,60,6
1,3179.8,70b3d57ed0073864,5,49,31,30,98.42,1,3,PUNISH,60,6
1,3185.43,70b3d57ed007386a,6,52,30,30,100.0,0,3,REWARD,60,6
1,3193.5,70b3d57ed007386c,7,56,30,30,100.0,0,3,REWARD,60,6
1,3194.34,70b3d57ed00733ea,2,45,30,30,100.0,0,3,REWARD,60,6
1,3204.21,70b3d57ed007334e,1,48,30,30,100.0,0,3,REWARD,60,6
1,3219.04,70b3d57ed0073859,4,41,31,30,98.42,1,2,REWARD,60,6
1,3239.8,70b3d57ed0073864,5,50,31,30,98.42,1,3,REWARD,60,6
1,3245.42,70b3d57ed007386a,6,53,30,30,100.0,0,3,REWARD,60,6
1,3253.49,70b3d57ed007386c,7,57,30,30,100.0,0,3,REWARD,60,6
1,3254.34,70b3d57ed00733ea,2,46,30,30,100.0,0,3,REWARD,60,6
1,3263.96,70b3d57ed007334e,1,49,31,30,98.42,1,3,REWARD,60,6
1,3278.87,70b3d57ed0073859,4,42,31,30,98.42,1,2,REWARD,60,6
1,3299.82,70b3d57ed0073864,5,51,30,30,100.0,0,3,REWARD,60,6
1,3305.44,70b3d57ed007386a,6,54,30,30,100.0,0,3,REWARD,60,6
1,3313.49,70b3d57ed007386c,7,59,30,30,100.0,0,3,REWARD,60,6
1,3314.34,70b3d57ed00733ea,2,48,30,30,100.0,0,3,REWARD,60,6
1,3323.97,70b3d57ed007334e,1,50,31,30,98.42,1,3,REWARD,60,6
1,3338.95,70b3d57ed0073859,4,43,31,30,98.42,1,2,REWARD,60,6
1,3359.82,70b3d57ed0073864,5,52,30,30,100.0,0,3,REWARD,60,6
1,3365.43,70b3d57ed007386a,6,55,30,30,100.0,0,3,REWARD,60,6
1,3373.51,70b3d57ed007386c,7,60,30,30,100.0,0,3,PUNISH,60,6
1,3374.33,70b3d57ed00733ea,2,49,31,30,98.42,1,3,REWARD,60,6
1,3383.97,70b3d57ed007334e,1,51,30,30,100.0,0,3,REWARD,60,6
1,3398.53,70b3d57ed0073859,4,44,31,30,98.42,1,2,REWARD,60,6
1,3419.82,70b3d57ed0073864,5,53,30,30,100.0,0,3,REWARD,60,6
1,3425.44,70b3d57ed007386a,6,56,30,30,100.0,0,3,REWARD,60,6
1,3433.5,70b3d57ed007386c,7,61,30,30,100.0,0,3,REWARD,60,6
1,3434.34,70b3d57ed00733ea,2,50,30,30,100.0,0,3,REWARD,60,6
1,3443.97,70b3d57ed007334e,1,52,30,30,100.0,0,3,REWARD,60,6
1,3458.21,70b3d57ed0073859,4,46,31,30,98.42,1,2,REWARD,60,6
1,3479.82,70b3d57ed0073864,5,54,30,30,100.0,0,3,REWARD,60,6
1,3485.44,70b3d57ed007386a,6,57,30,30,100.0,0,3,REWARD,60,6
1,3493.49,70b3d57ed007386c,7,62,31,30,98.42,1,3,REWARD,60,6
1,3494.33,70b3d57ed00733ea,2,51,31,30,98.42,1,3,REWARD,60,6
1,3503.97,70b3d57ed007334e,1,53,31,30,98.42,1,3,REWARD,60,6
1,3518.04,70b3d57ed0073859,4,47,31,30,98.42,1,2,REWARD,60,6
1,3539.8,70b3d57ed0073864,5,55,31,30,98.42,1,3,PUNISH,60,6
1,3545.44,70b3d57ed007386a,6,58,30,30,100.0,0,3,REWARD,60,6
1,3553.5,70b3d57ed007386c,7,63,30,30,100.0,0,3,REWARD,60,6
1,3554.35,70b3d57ed00733ea,2,52,30,30,100.0,0,3,REWARD,60,6
1,3564.06,70b3d57ed007334e,1,54,30,30,100.0,0,3,REWARD,60,6
1,3577.85,70b3d57ed0073859,4,48,31,30,98.42,1,2,REWARD,60,6
1,3599.84,70b3d57ed0073864,5,56,30,30,100.0,0,3,REWARD,60,6
1,3605.45,70b3d57ed007386a,6,59,30,30,100.0,0,3,REWARD,60,6
1,3613.51,70b3d57ed007386c,7,64,30,30,100.0,0,3,REWARD,60,6
1,3614.35,70b3d57ed00733ea,2,53,30,30,100.0,0,3,REWARD,60,6
1,3623.97,70b3d57ed007334e,1,55,30,30,100.0,0,3,REWARD,60,6
1,3637.69,70b3d57ed0073859,4,49,31,30,98.42,1,2,REWARD,60,6
1,3659.82,70b3d57ed0073864,5,57,30,30,100.0,0,3,REWARD,60,6
1,3665.45,70b3d57ed007386a,6,60,30,30,100.0,0,3,REWARD,60,6
1,3673.51,70b3d57ed007386c,7,65,30,30,100.0,0,3,REWARD,60,6
1,3674.35,70b3d57ed00733ea,2,54,30,30,100.0,0,3,REWARD,60,6
1,3683.98,70b3d57ed007334e,1,56,30,30,100.0,0,3,REWARD,60,6
1,3697.37,70b3d57ed0073859,4,51,31,30,98.42,1,2,REWARD,60,6
1,3719.83,70b3d57ed0073864,5,59,30,30,100.0,0,3,REWARD,60,6
1,3725.56,70b3d57ed007386a,6,61,30,30,100.0,0,3,REWARD,60,6
1,3733.65,70b3d57ed007386c,7,66,30,30,100.0,0,3,REWARD,60,6
1,3734.34,70b3d57ed00733ea,2,55,31,30,98.42,1,3,REWARD,60,6
1,3744.23,70b3d57ed007334e,1,57,30,30,100.0,0,3,REWARD,60,6
1,3757.36,70b3d57ed0073859,4,52,31,30,98.42,1,2,REWARD,60,6
1,3780.07,70b3d57ed0073864,5,60,30,30,100.0,0,3,REWARD,60,6
1,3785.46,70b3d57ed007386a,6,62,30,30,100.0,0,3,REWARD,60,6
1,3793.52,70b3d57ed007386c,7,67,30,30,100.0,0,3,PUNISH,60,6
1,3794.36,70b3d57ed00733ea,2,56,30,30,100.0,0,3,REWARD,60,6
1,3803.99,70b3d57ed007334e,1,58,30,30,100.0,0,3,PUNISH,60,6
1,3817.02,70b3d57ed0073859,4,53,31,30,98.42,1,2,REWARD,60,6
1,3839.85,70b3d57ed0073864,5,61,30,30,100.0,0,3,REWARD,60,6
1,3845.61,70b3d57ed007386a,6,63,30,30,100.0,0,3,REWARD,60,6
1,3853.52,70b3d57ed007386c,7,68,30,30,100.0,0,3,PUNISH,60,6
1,3854.37,70b3d57ed00733ea,2,57,30,30,100.0,0,3,REWARD,60,6
1,3864.23,70b3d57ed007334e,1,59,30,30,100.0,0,3,REWARD,60,6
1,3876.86,70b3d57ed0073859,4,54,31,30,98.42,1,2,REWARD,60,6
1,3900.0,70b3d57ed0073864,5,62,30,30,100.0,0,3,REWARD,60,6
1,3905.45,70b3d57ed007386a,6,65,31,30,98.42,1,3,REWARD,60,6
1,3913.53,70b3d57ed007386c,7,69,30,30,100.0,0,3,REWARD,60,6
1,3914.46,70b3d57ed00733ea,2,58,30,30,100.0,0,3,REWARD,60,6
1,3924.0,70b3d57ed007334e,1,61,30,30,100.0,0,3,REWARD,60,6
1,3936.67,70b3d57ed0073859,4,55,31,30,98.42,1,2,REWARD,60,6
1,3960.08,70b3d57ed0073864,5,63,30,30,100.0,0,3,REWARD,60,6
1,3965.46,70b3d57ed007386a,6,66,30,30,100.0,0,3,REWARD,60,6
1,3973.77,70b3d57ed007386c,7,71,30,30,100.0,0,3,REWARD,60,6
1,3974.43,70b3d57ed00733ea,2,59,30,30,100.0,0,3,REWARD,60,6
1,3984.0,70b3d57ed007334e,1,62,30,30,100.0,0,3,REWARD,60,6
1,3996.5,70b3d57ed0073859,4,56,31,30,98.42,1,2,REWARD,60,6
1,4019.95,70b3d57ed0073864,5,64,30,30,100.0,0,3,REWARD,60,6
1,4025.61,70b3d57ed007386a,6,67,30,30,100.0,0,3,REWARD,60,6
1,4033.52,70b3d57ed007386c,7,72,31,30,98.42,1,3,REWARD,60,6
1,4034.37,70b3d57ed00733ea,2,60,30,30,100.0,0,3,REWARD,60,6
1,4044.0,70b3d57ed007334e,1,63,31,30,98.42,1,3,REWARD,60,6
1,4056.33,70b3d57ed0073859,4,58,31,30,98.42,1,2,REWARD,60,6
1,4079.85,70b3d57ed0073864,5,65,31,30,98.42,1,3,REWARD,60,6
1,4085.47,70b3d57ed007386a,6,69,30,30,100.0,0,3,REWARD,60,6
1,4093.54,70b3d57ed007386c,7,73,30,30,100.0,0,3,REWARD,60,6
1,4094.47,70b3d57ed00733ea,2,61,30,30,100.0,0,3,REWARD,60,6
1,4104.16,70b3d57ed007334e,1,64,30,30,100.0,0,3,REWARD,60,6
1,4116.07,70b3d57ed0073859,4,59,31,30,98.42,1,2,REWARD,60,6
1,4140.09,70b3d57ed0073864,5,66,30,30,100.0,0,3,REWARD,60,6
1,4145.62,70b3d57ed007386a,6,70,30,30,100.0,0,3,REWARD,60,6
1,4153.53,70b3d57ed007386c,7,74,30,30,100.0,0,3,REWARD,60,6
1,4154.48,70b3d57ed00733ea,2,63,30,30,100.0,0,3,REWARD,60,6
1,4164.26,70b3d57ed007334e,1,66,30,30,100.0,0,3,REWARD,60,6
1,4176.08,70b3d57ed0073859,4,60,31,30,98.42,1,2,PUNISH,60,6
1,4199.86,70b3d57ed0073864,5,68,31,30,98.42,1,3,REWARD,60,6
1,4205.7,70b3d57ed007386a,6,72,30,30,100.0,0,3,REWARD,60,6
1,4213.54,70b3d57ed007386c,7,76,30,30,100.0,0,3,REWARD,60,6
1,4214.38,70b3d57ed00733ea,2,64,31,30,98.42,1,3,REWARD,60,6
1,4224.01,70b3d57ed007334e,1,67,30,30,100.0,0,3,REWARD,60,6
1,4235.67,70b3d57ed0073859,4,61,31,30,98.42,1,2,REWARD,60,6
1,4259.86,70b3d57ed0073864,5,69,31,30,98.42,1,3,REWARD,60,6
1,4265.72,70b3d57ed007386a,6,73,30,30,100.0,0,3,REWARD,60,6
1,4273.53,70b3d57ed007386c,7,78,31,30,98.42,1,3,REWARD,60,6
1,4274.39,70b3d57ed00733ea,2,65,31,30,98.42,1,3,REWARD,60,6
1,4284.01,70b3d57ed007334e,1,68,30,30,100.0,0,3,REWARD,60,6
1,4295.49,70b3d57ed0073859,4,63,31,30,98.42,1,2,REWARD,60,6
1,4320.08,70b3d57ed0073864,5,70,30,30,100.0,0,3,REWARD,60,6
1,4325.71,70b3d57ed007386a,6,74,30,30,100.0,0,3,REWARD,60,6
1,4333.54,70b3d57ed007386c,7,79,30,30,100.0,0,3,REWARD,60,6
1,4334.47,70b3d57ed00733ea,2,66,30,30,100.0,0,3,REWARD,60,6
1,4344.02,70b3d57ed007334e,1,70,30,30,100.0,0,3,REWARD,60,6
1,4355.16,70b3d57ed0073859,4,64,31,30,98.42,1,2,REWARD,60,6
1,4380.01,70b3d57ed0073864,5,71,30,30,100.0,0,3,REWARD,60,6
1,4385.72,70b3d57ed007386a,6,75,30,30,100.0,0,3,REWARD,60,6
1,4393.54,70b3d57ed007386c,7,80,30,30,100.0,0,3,REWARD,60,6
1,4394.4,70b3d57ed00733ea,2,67,31,30,98.42,1,3,REWARD,60,6
1,4404.02,70b3d57ed007334e,1,71,31,30,98.42,1,3,REWARD,60,6
1,4415.13,70b3d57ed0073859,4,65,31,30,98.42,1,2,REWARD,60,6
1,4439.85,70b3d57ed0073864,5,73,31,30,98.42,1,3,REWARD,60,6
1,4445.63,70b3d57ed007386a,6,77,30,30,100.0,0,3,REWARD,60,6
1,4453.54,70b3d57ed007386c,7,81,30,30,100.0,0,3,REWARD,60,6
1,4454.39,70b3d57ed00733ea,2,68,31,30,98.42,1,3,REWARD,60,6
1,4464.02,70b3d57ed007334e,1,73,31,30,98.42,1,3,REWARD,60,6
1,4474.83,70b3d57ed0073859,4,66,31,30,98.42,1,2,REWARD,60,6
1,4499.87,70b3d57ed0073864,5,74,30,30,100.0,0,3,REWARD,60,6
1,4505.74,70b3d57ed007386a,6,78,30,30,100.0,0,3,REWARD,60,6
1,4513.54,70b3d57ed007386c,7,82,30,30,100.0,0,3,REWARD,60,6
1,4514.4,70b3d57ed00733ea,2,69,30,30,100.0,0,3,REWARD,60,6
1,4524.01,70b3d57ed007334e,1,74,31,30,98.42,1,3,REWARD,60,6
1,4534.51,70b3d57ed0073859,4,68,31,30,98.42,1,2,REWARD,60,6
1,4559.87,70b3d57ed0073864,5,75,30,30,100.0,0,3,REWARD,60,6
1,4565.48,70b3d57ed007386a,6,79,31,30,98.42,1,3,REWARD,60,6
1,4573.55,70b3d57ed007386c,7,83,30,30,100.0,0,3,REWARD,60,6
1,4574.39,70b3d57ed00733ea,2,70,31,30,98.42,1,3,REWARD,60,6
1,4584.04,70b3d57ed007334e,1,75,30,30,100.0,0,3,REWARD,60,6
1,4594.33,70b3d57ed0073859,4,69,31,30,98.42,1,2,REWARD,60,6
1,4619.87,70b3d57ed0073864,5,76,31,30,98.42,1,3,REWARD,60,6
1,4625.5,70b3d57ed007386a,6,80,31,30,98.42,1,3,REWARD,60,6
1,4633.55,70b3d57ed007386c,7,84,30,30,100.0,0,3,REWARD,60,6
1,4634.41,70b3d57ed00733ea,2,72,31,30,98.42,1,3,REWARD,60,6
1,4644.04,70b3d57ed007334e,1,77,30,30,100.0,0,3,REWARD,60,6
1,4654.17,70b3d57ed0073859,4,70,31,30,98.42,1,2,REWARD,60,6
1,4679.88,70b3d57ed0073864,5,77,31,30,98.42,1,3,REWARD,60,6
1,4685.52,70b3d57ed007386a,6,81,31,30,98.42,1,3,REWARD,60,6
1,4693.56,70b3d57ed007386c,7,85,30,30,100.0,0,3,REWARD,60,6
1,4694.44,70b3d57ed00733ea,2,73,30,30,100.0,0,3,REWARD,60,6
1,4704.04,70b3d57ed007334e,1,78,30,30,100.0,0,3,REWARD,60,6
1,4713.99,70b3d57ed0073859,4,71,31,30,98.42,1,2,REWARD,60,6
1,4739.88,70b3d57ed0073864,5,78,30,30,100.0,0,3,REWARD,60,6
1,4745.5,70b3d57ed007386a,6,82,31,30,98.42,1,3,REWARD,60,6
1,4753.54,70b3d57ed007386c,7,86,30,30,100.0,0,3,REWARD,60,6
1,4754.41,70b3d57ed00733ea,2,74,30,30,100.0,0,3,REWARD,60,6
1,4764.05,70b3d57ed007334e,1,79,30,30,100.0,0,3,REWARD,60,6
1,4773.82,70b3d57ed0073859,4,72,31,30,98.42,1,2,REWARD,60,6
1,4799.87,70b3d57ed0073864,5,79,30,30,100.0,0,3,REWARD,60,6
1,4805.51,70b3d57ed007386a,6,84,31,30,98.42,1,3,REWARD,60,6
1,4813.57,70b3d57ed007386c,7,88,30,30,100.0,0,3,REWARD,60,6
1,4814.41,70b3d57ed00733ea,2,76,30,30,100.0,0,3,REWARD,60,6
1,4824.05,70b3d57ed007334e,1,80,30,30,100.0,0,3,REWARD,60,6
1,4833.64,70b3d57ed0073859,4,73,31,30,98.42,1,2,REWARD,60,6
1,4859.88,70b3d57ed0073864,5,80,30,30,100.0,0,3,REWARD,60,6
1,4865.51,70b3d57ed007386a,6,85,30,30,100.0,0,3,REWARD,60,6
1,4873.56,70b3d57ed007386c,7,89,30,30,100.0,0,3,REWARD,60,6
1,4874.42,70b3d57ed00733ea,2,77,30,30,100.0,0,3,REWARD,60,6
1,4884.05,70b3d57ed007334e,1,81,30,30,100.0,0,3,REWARD,60,6
1,4893.35,70b3d57ed0073859,4,75,31,30,98.42,1,2,REWARD,60,6
1,4919.88,70b3d57ed0073864,5,81,30,30,100.0,0,3,REWARD,60,6
1,4925.5,70b3d57ed007386a,6,86,31,30,98.42,1,3,PUNISH,60,6
1,4933.57,70b3d57ed007386c,7,90,30,30,100.0,0,3,REWARD,60,6
1,4934.42,70b3d57ed00733ea,2,78,30,30,100.0,0,3,REWARD,60,6
1,4944.05,70b3d57ed007334e,1,82,30,30,100.0,0,3,REWARD,60,6
1,4953.17,70b3d57ed0073859,4,76,31,30,98.42,1,2,PUNISH,60,6
1,4979.88,70b3d57ed0073864,5,82,30,30,100.0,0,3,REWARD,60,6
1,4985.51,70b3d57ed007386a,6,87,31,30,98.42,1,3,REWARD,60,6
1,4993.65,70b3d57ed007386c,7,91,30,30,100.0,0,3,REWARD,60,6
1,4994.56,70b3d57ed00733ea,2,79,30,30,100.0,0,3,REWARD,60,6
1,5004.05,70b3d57ed007334e,1,83,30,30,100.0,0,3,REWARD,60,6
1,5013.0,70b3d57ed0073859,4,77,31,30,98.42,1,2,REWARD,60,6
1,5039.9,70b3d57ed0073864,5,83,30,30,100.0,0,3,REWARD,60,6
1,5045.53,70b3d57ed007386a,6,88,30,30,100.0,0,3,REWARD,60,6
1,5053.57,70b3d57ed007386c,7,92,30,30,100.0,0,3,REWARD,60,6
1,5054.43,70b3d57ed00733ea,2,80,30,30,100.0,0,3,REWARD,60,6
1,5064.06,70b3d57ed007334e,1,84,30,30,100.0,0,3,REWARD,60,6
1,5072.83,70b3d57ed0073859,4,78,31,30,98.42,1,2,REWARD,60,6
1,5099.91,70b3d57ed0073864,5,84,30,30,100.0,0,3,PUNISH,60,6
1,5105.53,70b3d57ed007386a,6,89,30,30,100.0,0,3,REWARD,60,6
1,5113.57,70b3d57ed007386c,7,93,30,30,100.0,0,3,REWARD,60,6
1,5114.43,70b3d57ed00733ea,2,81,30,30,100.0,0,3,REWARD,60,6
1,5124.05,70b3d57ed007334e,1,85,30,30,100.0,0,3,REWARD,60,6
1,5132.65,70b3d57ed0073859,4,79,31,30,98.42,1,2,REWARD,60,6
1,5159.9,70b3d57ed0073864,5,85,30,30,100.0,0,3,REWARD,60,6
1,5165.54,70b3d57ed007386a,6,90,30,30,100.0,0,3,REWARD,60,6
1,5173.58,70b3d57ed007386c,7,94,30,30,100.0,0,3,REWARD,60,6
1,5174.44,70b3d57ed00733ea,2,82,30,30,100.0,0,3,REWARD,60,6
1,5184.06,70b3d57ed007334e,1,86,30,30,100.0,0,3,REWARD,60,6
1,5192.47,70b3d57ed0073859,4,80,31,30,98.42,1,2,REWARD,60,6
1,5233.59,70b3d57ed007386c,7,95,28,30,93.85,0,3,REWARD,60,6
1,5234.44,70b3d57ed00733ea,2,83,28,30,93.85,0,3,REWARD,60,6
1,5244.07,70b3d57ed007334e,1,87,28,30,93.85,0,3,PUNISH,60,6
1,5283.24,70b3d57ed0073864,5,86,27,30,86.82,0,2,REWARD,60,6
1,5293.58,70b3d57ed007386c,7,96,27,30,86.82,0,3,REWARD,60,6
1,5294.43,70b3d57ed00733ea,2,84,27,30,86.82,0,3,PUNISH,60,6
1,5304.08,70b3d57ed007334e,1,88,26,30,78.09,0,3,REWARD,60,6
1,5343.25,70b3d57ed0073864,5,87,25,30,68.52,0,1,REWARD,60,6
1,5353.59,70b3d57ed007386c,7,97,24,30,58.94,0,3,REWARD,60,6
1,5354.45,70b3d57ed00733ea,2,85,24,30,58.94,0,3,REWARD,60,6
1,5364.09,70b3d57ed007334e,1,89,24,30,58.94,0,3,REWARD,60,6
1,5413.73,70b3d57ed007386c,7,98,21,30,35.83,0,3,REWARD,60,6
1,5414.54,70b3d57ed00733ea,2,86,21,30,35.83,0,3,REWARD,60,6
1,5424.07,70b3d57ed007334e,1,90,21,30,35.83,0,3,PUNISH,60,6
1,5452.35,70b3d57ed0073859,4,83,21,30,35.83,0,2,PUNISH,60,6
1,5456.3,70b3d57ed0073864,5,88,22,30,42.24,0,2,PUNISH,60,6
1,5456.7,70b3d57ed007386a,6,91,23,30,50.02,0,2,REWARD,60,6
1,5473.74,70b3d57ed007386c,7,99,21,30,35.83,0,3,PUNISH,60,6
1,5474.43,70b3d57ed00733ea,2,87,22,30,42.24,0,3,PUNISH,60,6
1,5484.09,70b3d57ed007334e,1,91,21,30,35.83,0,3,PUNISH,60,6
1,5513.14,70b3d57ed0073859,4,84,21,30,35.83,0,2,PUNISH,60,6
1,5516.2,70b3d57ed0073864,5,89,22,30,42.24,0,1,REWARD,60,6
1,5516.56,70b3d57ed007386a,6,92,23,30,50.02,0,2,REWARD,60,6
1,5533.6,70b3d57ed007386c,7,100,23,30,50.02,0,3,PUNISH,60,6
1,5534.45,70b3d57ed00733ea,2,88,23,30,50.02,0,3,REWARD,60,6
1,5544.09,70b3d57ed007334e,1,92,23,30,50.02,0,3,PUNISH,60,6
1,5572.57,70b3d57ed0073859,4,85,24,30,58.94,0,2,PUNISH,60,6
1,5576.2,70b3d57ed0073864,5,90,25,30,68.52,0,3,PUNISH,60,6
1,5576.57,70b3d57ed007386a,6,94,26,30,78.09,0,1,REWARD,60,6
1,5593.6,70b3d57ed007386c,7,102,25,30,68.52,0,3,REWARD,60,6
1,5594.45,70b3d57ed00733ea,2,90,25,30,68.52,0,3,PUNISH,60,6
1,5604.1,70b3d57ed007334e,1,93,25,30,68.52,0,3,PUNISH,60,6
1,5632.7,70b3d57ed0073859,4,87,26,30,78.09,0,3,REWARD,60,6
1,5636.37,70b3d57ed0073864,5,91,27,30,86.82,0,3,PUNISH,60,6
1,5636.72,70b3d57ed007386a,6,95,28,30,93.85,0,2,REWARD,60,6
1,5653.61,70b3d57ed007386c,7,103,27,30,86.82,0,3,PUNISH,60,6
1,5654.54,70b3d57ed00733ea,2,91,27,30,86.82,0,3,PUNISH,60,6
1,5664.1,70b3d57ed007334e,1,94,27,30,86.82,0,3,REWARD,60,6
1,5692.82,70b3d57ed0073859,4,88,28,30,93.85,0,3,REWARD,60,6
1,5696.32,70b3d57ed0073864,5,92,29,30,98.42,0,3,REWARD,60,6
1,5696.73,70b3d57ed007386a,6,96,30,30,100.0,0,2,REWARD,60,6
1,5713.6,70b3d57ed007386c,7,104,31,30,98.42,1,3,REWARD,60,6
1,5714.46,70b3d57ed00733ea,2,92,31,30,98.42,1,3,REWARD,60,6
1,5724.1,70b3d57ed007334e,1,96,30,30,100.0,0,3,REWARD,60,6
1,5752.9,70b3d57ed0073859,4,89,30,30,100.0,0,3,REWARD,60,6
1,5756.23,70b3d57ed0073864,5,93,31,30,98.42,1,3,PUNISH,60,6
1,5756.59,70b3d57ed007386a,6,97,31,30,98.42,1,2,REWARD,60,6
1,5773.61,70b3d57ed007386c,7,105,31,30,98.42,1,3,REWARD,60,6
1,5774.53,70b3d57ed00733ea,2,93,30,30,100.0,0,3,REWARD,60,6
1,5784.11,70b3d57ed007334e,1,97,30,30,100.0,0,3,REWARD,60,6
1,5813.0,70b3d57ed0073859,4,90,31,30,98.42,1,3,REWARD,60,6
1,5816.37,70b3d57ed0073864,5,94,30,30,100.0,0,3,REWARD,60,6
1,5816.75,70b3d57ed007386a,6,98,30,30,100.0,0,2,REWARD,60,6
1,5833.6,70b3d57ed007386c,7,106,30,30,100.0,0,3,REWARD,60,6
1,5834.47,70b3d57ed00733ea,2,94,30,30,100.0,0,3,REWARD,60,6
1,5844.11,70b3d57ed007334e,1,98,30,30,100.0,0,3,REWARD,60,6
1,5873.1,70b3d57ed0073859,4,91,30,30,100.0,0,3,REWARD,60,6
1,5876.46,70b3d57ed0073864,5,96,30,30,100.0,0,3,REWARD,60,6
1,5876.82,70b3d57ed007386a,6,100,30,30,100.0,0,2,REWARD,60,6
1,5893.62,70b3d57ed007386c,7,108,30,30,100.0,0,3,REWARD,60,6
1,5894.62,70b3d57ed00733ea,2,95,30,30,100.0,0,3,REWARD,60,6
1,5904.12,70b3d57ed007334e,1,99,30,30,100.0,0,3,REWARD,60,6
1,5933.18,70b3d57ed0073859,4,92,30,30,100.0,0,3,REWARD,60,6
1,5936.34,70b3d57ed0073864,5,97,31,30,98.42,1,3,REWARD,60,6
1,5936.75,70b3d57ed007386a,6,101,30,30,100.0,0,2,PUNISH,60,6
1,5953.63,70b3d57ed007386c,7,109,30,30,100.0,0,3,REWARD,60,6
1,5954.48,70b3d57ed00733ea,2,97,31,30,98.42,1,3,REWARD,60,6
1,5964.11,70b3d57ed007334e,1,100,30,30,100.0,0,3,REWARD,60,6
1,5993.55,70b3d57ed0073859,4,93,30,30,100.0,0,3,REWARD,60,6
1,5996.24,70b3d57ed0073864,5,98,31,30,98.42,1,3,REWARD,60,6
1,5996.69,70b3d57ed007386a,6,103,31,30,98.42,1,2,REWARD,60,6
1,6013.86,70b3d57ed007386c,7,110,30,30,100.0,0,3,REWARD,60,6
1,6014.54,70b3d57ed00733ea,2,98,30,30,100.0,0,3,PUNISH,60,6
1,6024.12,70b3d57ed007334e,1,101,30,30,100.0,0,3,REWARD,60,6
1,6053.41,70b3d57ed0073859,4,94,30,30,100.0,0,3,REWARD,60,6
1,6056.48,70b3d57ed0073864,5,99,30,30,100.0,0,3,REWARD,60,6
1,6056.82,70b3d57ed007386a,6,104,30,30,100.0,0,2,REWARD,60,6
1,6073.61,70b3d57ed007386c,7,111,30,30,100.0,0,3,REWARD,60,6
1,6074.48,70b3d57ed00733ea,2,100,31,30,98.42,1,3,REWARD,60,6
1,6084.13,70b3d57ed007334e,1,102,30,30,100.0,0,3,REWARD,60,6
1,6113.52,70b3d57ed0073859,4,95,30,30,100.0,0,3,REWARD,60,6
1,6116.4,70b3d57ed0073864,5,100,30,30,100.0,0,3,REWARD,60,6
1,6116.76,70b3d57ed007386a,6,105,30,30,100.0,0,2,REWARD,60,6
1,6133.62,70b3d57ed007386c,7,113,30,30,100.0,0,3,REWARD,60,6
1,6134.49,70b3d57ed00733ea,2,101,30,30,100.0,0,3,REWARD,60,6
1,6144.13,70b3d57ed007334e,1,103,30,30,100.0,0,3,REWARD,60,6
1,6173.61,70b3d57ed0073859,4,96,30,30,100.0,0,3,REWARD,60,6
1,6176.36,70b3d57ed0073864,5,102,31,30,98.42,1,3,REWARD,60,6
1,6176.77,70b3d57ed007386a,6,106,31,30,98.42,1,2,REWARD,60,6
1,6193.63,70b3d57ed007386c,7,114,30,30,100.0,0,3,REWARD,60,6
1,6194.58,70b3d57ed00733ea,2,102,31,30,98.42,1,3,REWARD,60,6
1,6204.13,70b3d57ed007334e,1,105,30,30,100.0,0,3,REWARD,60,6
1,6233.67,70b3d57ed0073859,4,97,30,30,100.0,0,3,REWARD,60,6
1,6236.64,70b3d57ed007386a,6,107,30,30,100.0,0,2,PUNISH,60,6
1,6253.87,70b3d57ed007386c,7,115,29,30,98.42,0,3,REWARD,60,6
1,6254.54,70b3d57ed00733ea,2,104,29,30,98.42,0,3,REWARD,60,6
1,6264.13,70b3d57ed007334e,1,106,29,30,98.42,0,3,REWARD,60,6
1,6293.85,70b3d57ed0073859,4,99,29,30,98.42,0,3,REWARD,60,6
1,6296.41,70b3d57ed0073864,5,104,29,30,98.42,0,3,REWARD,60,6
1,6296.76,70b3d57ed007386a,6,111,29,30,98.42,0,2,PUNISH,60,6
1,6313.62,70b3d57ed007386c,7,116,30,30,100.0,0,3,REWARD,60,6
1,6314.52,70b3d57ed00733ea,2,105,30,30,100.0,0,3,REWARD,60,6
1,6324.37,70b3d57ed007334e,1,107,29,30,98.42,0,3,REWARD,60,6
1,6353.96,70b3d57ed0073859,4,100,29,30,98.42,0,3,REWARD,60,6
1,6356.41,70b3d57ed0073864,5,105,30,30,100.0,0,3,REWARD,60,6
1,6356.78,70b3d57ed007386a,6,112,30,30,100.0,0,2,REWARD,60,6
1,6373.63,70b3d57ed007386c,7,117,29,30,98.42,0,3,REWARD,60,6
1,6374.52,70b3d57ed00733ea,2,106,29,30,98.42,0,3,REWARD,60,6
1,6384.37,70b3d57ed007334e,1,108,29,30,98.42,0,3,REWARD,60,6
1,6414.05,70b3d57ed0073859,4,101,29,30,98.42,0,3,REWARD,60,6
1,6416.41,70b3d57ed0073864,5,106,29,30,98.42,0,3,REWARD,60,6
1,6416.77,70b3d57ed007386a,6,114,29,30,98.42,0,2,REWARD,60,6
1,6433.64,70b3d57ed007386c,7,118,29,30,98.42,0,3,REWARD,60,6
1,6434.52,70b3d57ed00733ea,2,107,29,30,98.42,0,3,REWARD,60,6
1,6444.38,70b3d57ed007334e,1,110,29,30,98.42,0,3,REWARD,60,6
1,6474.41,70b3d57ed0073859,4,102,29,30,98.42,0,3,REWARD,60,6
